planet_id,FGS1_adc_offset,FGS1_adc_gain,AIRS-CH0_adc_offset,AIRS-CH0_adc_gain,star
785834,-343.33593795992203,0.8372436618056899,-778.9165332747325,0.9247461003693224,1
14485303,-366.38199233481527,0.8429826098421321,-740.3232124446863,0.9317273406892734,1
17002355,-386.1070370237384,1.0417005186749702,-808.6906591858508,1.5135411221718669,0
24135240,-339.7374904920832,0.8402386328699937,-776.1241671086959,0.9312772364580252,1
25070640,-355.6604329157438,1.0412802506498735,-848.3714937413666,1.503922587373049,0
26372015,-373.0995094767417,1.0136425677644882,-914.6452475904412,1.5099742294916754,0
29348276,-344.79950439318424,1.0325954922829403,-833.9863421344179,1.5171107332900224,0
33548644,-372.7007806082978,1.0297935996294447,-837.8303413217683,1.5161286176515782,0
50637799,-349.2238059389397,0.8450718101414221,-742.4902671508657,0.9325891709296475,1
53735941,-401.38905842041015,1.0322624196522556,-885.8139900032357,1.509902455588666,0
57518461,-345.23691315982023,1.026028189770852,-938.4542225430564,1.5141874085123912,0
57669658,-326.3974136126996,0.8515116738234157,-945.7144158454784,0.9300739083606392,1
61961538,-362.77142162333047,1.038357293226002,-964.5797650633726,1.5121026283081571,0
62282335,-349.4378980362988,0.8505030352367808,-755.2303420993481,0.9370551251311562,1
75219649,-350.77907851424675,0.8531945061792806,-839.4620498950183,0.927838292917132,1
77523557,-349.7816790482559,1.0255729066119306,-853.6222195466211,1.5066589959120162,0
79009616,-380.813241393926,0.8370407575613527,-827.427447694647,0.9314089870691388,1
90833891,-346.36411118491594,1.0272747188086984,-853.5760072048652,1.5086835082070489,0
92029723,-329.5820411242323,0.8469172429359118,-751.5974557587658,0.9307504139379912,1
93311500,-356.9876909424104,1.025630838832981,-890.813113701781,1.517995596486751,0
100468857,-340.265571935634,1.0234203457302673,-852.0746203429887,1.5060766241228054,0
112782545,-349.1246739079556,1.036985102345011,-771.1234430388863,1.512497218143707,0
113675418,-377.53149123334026,0.8487971177961136,-823.4755029265351,0.9346270068007856,1
137536026,-375.3346919743812,1.0399083140206593,-857.7198506584701,1.5086420447211222,0
141323216,-336.1962064050121,0.8409622770395293,-908.5904472718984,0.9292240830760586,1
145136829,-389.9894282693129,1.0283989756222027,-1012.7870369135752,1.5085818860484923,0
155746318,-348.71226623751164,1.0288956729235077,-958.9359872754897,1.5123824425316954,0
159506197,-352.7662473066102,0.8539739568137648,-843.2815506003259,0.9293141788370276,1
165516591,-362.9798115221776,0.8374984409995468,-739.4971634319979,0.9312313734333856,1
168297458,-353.5804808607482,1.0206381311222286,-799.3140459734055,1.5079242169145983,0
178016934,-355.8104435612602,0.8500520981472764,-892.3452953865194,0.932392586670231,1
193269369,-335.0445527751606,0.8511302110727126,-855.6856077859363,0.9294115190371752,1
208206471,-366.5200761920744,1.047155390852708,-776.6807052842336,1.5240813828239796,0
208669662,-392.6413394324582,0.8512502233236794,-771.4413849717905,0.9288002874709912,1
210689998,-365.1640805057864,0.8510542446935621,-818.7981864000986,0.930151948095126,1
222583025,-376.0981472414934,0.8513414640281481,-841.2571180723955,0.9309733267998124,1
229701106,-359.09651371728256,0.8492330147875765,-800.9383632726258,0.9264440719011658,1
233675174,-390.8302442932692,1.0374363568322391,-1169.1224104449072,1.497990745446909,0
235073610,-370.3846847780369,0.8485372956288696,-841.820934887552,0.9320246297498698,1
239407592,-424.3064861490016,1.0293827041175196,-877.9881356751636,1.507537735668977,0
262048960,-350.42488871924724,1.0328337196004984,-816.1802226811611,1.5076282771417255,0
265537422,-388.590924574961,1.0299849496797646,-847.6793281346686,1.506592767898982,0
273602018,-382.9679976397367,1.0199257774101669,-880.004386901673,1.5107150968092984,0
277905930,-340.7370175792319,1.0339725479022288,-855.4155395010487,1.5177513044677795,0
283919092,-376.4010870230176,1.0370572066040835,-763.7366780736845,1.511022174042108,0
286376329,-344.5716061017813,0.8382454521380529,-878.2807548324663,0.9283449240414482,1
301818265,-342.36417893481433,0.8464226032151293,-782.6814613329,0.9321297731742592,1
302857654,-407.3629522162824,0.8495733562253226,-895.3485773316528,0.929257370329254,1
303438165,-355.48193979476395,0.8536724943530192,-795.2800544693243,0.9328123999827008,1
312842524,-330.66682599130803,1.0340035011975126,-879.2737988228738,1.5188500585748954,0
333122533,-349.1316684319257,1.0404892289440126,-979.3920135544306,1.507627112647624,0
342497505,-344.7034749754822,0.8475196828588593,-813.6311512431247,0.9342115920991022,1
343035647,-338.32274122300805,1.042955681491634,-853.4510944608032,1.5081475349979776,0
377187848,-370.1444657012431,1.0238937967030457,-893.2360727613847,1.498554315710018,0
385995586,-364.9400999330976,1.019456246402346,-883.0057837921094,1.514182045332081,0
386885929,-364.2995246146586,1.0423247085449372,-822.8080556086816,1.5243731668569278,0
391267577,-329.3570362519541,0.8429599755431291,-768.3343996069771,0.9320357748331952,1
396266265,-355.3309629747986,0.8472403472372302,-897.2215262962334,0.9318729911769652,1
401017528,-387.0942903695218,0.8520041810185661,-925.7308386759328,0.924736960010534,1
421386193,-356.8151543798789,0.8436681302424903,-859.9547505842338,0.9315410191229856,1
421791107,-348.7291455472978,1.0170498849273686,-774.4937886996912,1.51285038310415,0
453007076,-346.1549487485451,0.8401025322929373,-718.234033199873,0.9322634531215316,1
463235157,-366.0710178220842,1.0474007098327809,-832.6009960750266,1.5128809409374029,0
469234852,-369.8884968310847,0.8493128707036145,-842.8577236581845,0.9331769129334307,1
473550121,-382.4873251177028,1.0440382175144594,-921.595088278384,1.5222230888425283,0
496472369,-341.4951268134727,1.0293916185556562,-851.4735222335444,1.5052979484295996,0
497611894,-352.35096389628507,1.041804959530598,-957.0026644287055,1.5099047472966844,0
506148838,-364.556383784112,0.8387192554740199,-791.9313083921812,0.9351011119083188,1
506349321,-361.439569968192,1.0329463350837271,-874.3032188099684,1.508295107392919,0
511262612,-416.1931790471364,1.0364005881719658,-879.1153011104643,1.5123049941426288,0
514590299,-417.3582739619663,1.0354593053887442,-833.8998223430675,1.5110887938152315,0
514678999,-356.4413924165721,0.8456178364848568,-756.8249492239823,0.9312209288985293,1
521001195,-332.95257047344603,1.038946033709145,-990.6880611410714,1.511760687041286,0
521954473,-364.462941652754,1.0426115053517415,-989.2246449643762,1.503502566147087,0
525433641,-380.5831599942419,0.8495849379659949,-748.0633697039653,0.9283131847302992,1
528183114,-363.08892869966417,1.0386238333982345,-1115.3820872941158,1.5045293888510165,0
534940522,-365.0984300178325,0.8557794959830219,-794.7876615129262,0.9295553316825066,1
540395971,-342.2805711379264,1.028506472314274,-904.3278238847992,1.5129269553370124,0
544877920,-344.32012690183944,0.8515869356333424,-754.3327306456594,0.9292802656490162,1
553530207,-397.348911242642,0.855051625824669,-815.8612956287087,0.9307199740993416,1
557327341,-373.642480692452,0.8499024993661533,-823.6222331772186,0.9302522847930228,1
557779238,-492.5031046641761,1.0499027298523866,-808.9037635921316,1.5099561889059263,0
565785039,-357.32584992648765,1.0326871243564468,-927.7645850099,1.5016231972872445,0
585737420,-345.6562502334968,0.8551876370209587,-811.5531724364158,0.9370931223924682,1
595119503,-349.5993806736299,1.0356293929469194,-949.0985469318744,1.5113570054243457,0
598943473,-341.40101931473527,1.0273126260872234,-848.2190324097814,1.512139640034961,0
603237272,-372.8063907095735,0.8466318540358924,-809.5056668019097,0.9302998015468338,1
611290582,-335.8680450308223,0.8539844804895473,-769.292017317685,0.9334654443920092,1
612015401,-335.76516012214324,0.8547307503832876,-814.8557978107948,0.924172293990698,1
615304059,-358.6313805740893,1.0300723782613468,-817.7153286292771,1.504818793994484,0
619448599,-344.34536475987625,0.8503001180107417,-1071.7796285980623,0.9253704928828856,1
636190362,-356.9333724787165,0.8446832553676985,-840.7894180163597,0.926856458556489,1
637988352,-332.28796571619495,0.8456567915688022,-810.5236247881579,0.9322156655684743,1
640765770,-376.7346035698153,1.0338520198389825,-914.5417392497028,1.510254838631454,0
688695194,-372.09275885401337,0.8482460458633684,-839.3664920431453,0.9359287843561882,1
696618104,-355.62037432486704,1.0468562663585372,-911.6183450098104,1.5060163290177075,0
704002160,-347.85278082727035,1.035717552555074,-887.8522721352438,1.5149518379785822,0
708534821,-354.64417879595254,1.024030301881958,-848.109286551474,1.5144554407886792,0
720318091,-348.2019637715263,1.040931257605617,-881.4389380548065,1.5102893682480572,0
723247337,-331.77608250789194,0.8532345959237786,-832.695343417578,0.9349633349095718,1
724899303,-345.00737465838847,0.8393048164720381,-946.249546289507,0.9235378632284386,1
730244369,-396.86096075800384,0.8372679811141626,-993.4441697894569,0.9308803818153104,1
735692747,-352.7439954745734,0.8468876310011201,-823.7201444459495,0.9262897511595624,1
737266850,-341.6130812746407,1.022789651515389,-877.321001806918,1.5188575246248546,0
743163637,-353.2785655146016,1.0377641018106245,-946.1903486945882,1.5061631462287548,0
746498582,-329.4487784407974,1.039993077873046,-832.9786375867661,1.506897306659284,0
749245819,-364.481385999374,0.857032845194974,-801.1067269409021,0.9305256263085716,1
772915060,-375.564515130968,0.8534685597749581,-815.7513491264821,0.9314745652979192,1
773356318,-337.5854260343775,1.0149681851649643,-988.3002972814616,1.4985673047340071,0
777145011,-393.055934159107,1.0247399105497406,-922.7873846176376,1.519897573151269,0
780066751,-349.1790965129498,1.041448984152087,-800.7941021142351,1.5137179136888557,0
782689910,-353.5933511857204,0.8502876483212002,-960.5891208598488,0.9305647380752132,1
793844575,-349.6346476572997,1.024318090590795,-888.7067430184078,1.5071751002588116,0
795613079,-371.9686320607329,0.8486648987799209,-843.6787561696889,0.932978482952577,1
803524404,-355.3277702641249,1.0295471091124997,-842.3471969320028,1.508113802997257,0
807484101,-313.26478982088616,1.0395990896510967,-919.7758689527012,1.5109402264508192,0
811352473,-355.92845239884264,0.8547165032277104,-932.678951922234,0.9261847004797932,1
818295678,-355.8307331629094,1.03213301184524,-895.8537755355386,1.5197915793755972,0
821591986,-398.2302906905357,0.8367922421513129,-795.3991639116025,0.9343598747497596,1
824687737,-326.72590735917254,1.0473383563566256,-831.5939775957959,1.5145152303152776,0
827488781,-359.24914665629603,0.857657706478463,-909.8284321550246,0.931522848163804,1
830053386,-398.3476144730148,0.8414298130062788,-813.4611807940092,0.92387605859992,1
835158662,-346.8770632043683,0.8441746349137189,-1132.191741709691,0.9257805520101946,1
846551798,-324.20606371747954,0.8338668583479701,-898.3767740849885,0.9270285134256576,1
847875671,-391.1635370913891,0.8352420303809592,-821.0163253569034,0.9299520036425766,1
848292925,-368.59228849868896,0.8529491626180082,-814.5157207022029,0.9325916456159248,1
855962840,-331.06762631773734,1.0289258341948155,-850.3103744192995,1.5101175535697045,0
864681126,-336.1138677292072,0.8384552903097401,-849.623486059551,0.9350776989664252,1
871770446,-343.26498354683173,0.8420636120809971,-774.0982286421578,0.9360556452972552,1
887347899,-332.4992273303202,0.8522609516514934,-943.7741150480208,0.9304882844506284,1
890677371,-347.56799339516107,1.0286933217911038,-893.2074689515459,1.5145633566795018,0
901361366,-354.9523818378677,1.01851476208983,-817.6208025740816,1.5191483187346144,0
902166631,-362.5252576804936,1.0327901084223612,-1015.403451236108,1.515130076305262,0
912497889,-344.3261117762553,1.0221871416766726,-840.9744557511833,1.5136269300401637,0
919342592,-331.21450462920694,1.0353560303687643,-878.470507301727,1.5092570203993467,0
941186385,-357.17254181000334,0.8645074437202651,-714.9767767008377,0.9345038267141528,1
944701519,-354.7247377536655,0.8380249896498866,-838.2168031954817,0.9321735708332826,1
957610605,-364.89639038841466,0.8357046665479154,-787.042584564058,0.9324782673580604,1
966155807,-342.5378003553902,0.8455177453804681,-738.8740687799441,0.9320086542328062,1
968882953,-357.4620833753364,1.039311414470764,-787.583659188098,1.522850036178338,0
985957621,-346.871819220434,0.8536678329349532,-765.9668495559029,0.9281092681845524,1
989333577,-332.4948792305394,1.038586291322474,-906.459532302523,1.5168460801740238,0
998050736,-383.0223050893352,0.8523384695425626,-1005.4002119413068,0.929243962093328,1
998289603,-390.1279554965853,0.8530511594480135,-754.972561592896,0.9338920053848386,1
1005054328,-350.886209870095,0.8383566560894129,-826.9042918178063,0.93479459422982,1
1011759019,-349.2018851017729,0.844869918282186,-946.9612519150476,0.9254947749624688,1
1012051641,-359.51057001051055,0.8475650010170327,-896.4865050309695,0.9340802022282738,1
1012409820,-345.329854614128,0.845531658724741,-864.1765385675185,0.9260291781733498,1
1012571429,-333.2811698769801,0.8465333582189282,-835.0880641126339,0.9324238143533832,1
1017422390,-366.1179802329467,1.039767623274829,-887.4241206440867,1.51024971305986,0
1021609935,-364.2300647474098,1.0301436805790534,-767.9141136559707,1.5145759699237031,0
1035787464,-338.74762581521816,0.8518406561864932,-778.5319178530099,0.931597987804964,1
1040089248,-347.9803337032684,1.0291933984539334,-1063.9261022811845,1.502211682257199,0
1044371083,-358.71418572754743,0.85739386689992,-763.2621864108005,0.9290077243139192,1
1053056651,-390.5582175687177,1.0282053727033016,-839.8011405698576,1.5153241603503496,0
1055599128,-350.44301827776104,1.037849462466312,-956.7429849446328,1.5114953649988512,0
1060351656,-398.9500676705489,1.0401646287737265,-793.5480308040659,1.52095142614089,0
1068095157,-371.4772301062007,1.0174562252730672,-943.3593601223172,1.5101357315480337,0
1071978212,-338.9599551555908,0.8506550251543649,-887.6445396569203,0.9348496485294672,1
1076727237,-420.5468364047102,0.8454570236530662,-791.5496517472187,0.931286420799785,1
1080605842,-362.05888294349774,0.8443938214451799,-1103.0501334649323,0.927655317975827,1
1082014264,-382.9056626477625,0.8558613671839461,-851.2898527842942,0.932020221372928,1
1085856726,-317.94190671250533,0.8463480577359731,-867.3151354332356,0.9318232072293116,1
1087365206,-364.95345862073657,0.8473862005172691,-818.9410795586726,0.9275748153114244,1
1093580069,-350.16608439276814,1.0357519439545486,-833.2436419425984,1.5126601634423344,0
1101079594,-386.5438415201273,1.0325633224619415,-823.9097677933314,1.513256203687017,0
1101707909,-450.984390376099,1.0394972053594416,-901.0107402980312,1.5030965925914694,0
1114710037,-371.2745115214142,0.8446689574210733,-775.3700856660843,0.930213163324171,1
1121250116,-380.66753780288377,1.03361569572528,-895.1581785964709,1.5175958252246406,0
1122354479,-373.8260963084362,1.036991224296849,-1014.4515138510412,1.504805611178524,0
1127135463,-373.47314105344753,0.8457797231185747,-831.2781088477913,0.9334308326842944,1
1129361124,-348.335455479487,1.0339542164110695,-970.557206412518,1.5095291949784724,0
1137318614,-358.025952573406,1.037962849719606,-780.5010033786732,1.5195934383805645,0
1151088909,-345.5837972932274,0.8465309381753314,-821.4859667523034,0.9344884813629908,1
1161253140,-347.39513700223426,0.8373308025811482,-875.120418708207,0.9297802683335662,1
1173280312,-371.12417818460295,0.8543877069537855,-892.5454713009198,0.9329623136710852,1
1184823185,-348.7452969950216,0.836277280066235,-912.0499855323528,0.9252753696357016,1
1196124605,-348.7979191610593,1.0359455747346478,-803.028983640296,1.5156045874192998,0
1205725641,-341.10555909121507,0.8488817858847313,-776.661608305757,0.9293438770114312,1
1215971796,-329.768312572182,1.0426925836345042,-854.8577119368442,1.5127394594667762,0
1218579540,-369.30008160219455,0.8524132835999083,-811.9098006478677,0.9304485487712312,1
1226886844,-404.0527731620832,0.8433534042871197,-822.5140206587624,0.9353359290190072,1
1227146905,-343.77216171301257,0.8475321379349126,-852.1862305290542,0.9276372897767524,1
1236398737,-393.0836762477064,0.8547030564700072,-833.6676717541179,0.9275531311149936,1
1240300219,-372.3834488109761,0.84698998795044,-815.7582810420287,0.9301435454136412,1
1242413576,-362.2708636034632,1.0405412026110017,-759.5537022021267,1.5143383250968363,0
1254987835,-362.41632258779504,0.8468367373111908,-832.2741351655001,0.9314184059337688,1
1261712158,-350.7645080624585,0.8459459208993834,-811.7931961561887,0.9314326243108012,1
1264467043,-334.0883194041144,0.851226560695752,-755.5304684585086,0.9349469740409964,1
1273237025,-329.71595727925444,0.846668614535444,-767.4706806933444,0.931696939911512,1
1273256942,-365.2114179455796,1.0405603140388275,-833.39351856275,1.51052837234022,0
1277115141,-331.21830937252025,1.0428164043240913,-968.5158020168184,1.5104769921972694,0
1284352058,-348.95431861656493,1.037647883749612,-819.5633549681074,1.522147741298137,0
1285749933,-388.0242899928036,0.8459570031913721,-806.7725780368344,0.9302198397270504,1
1297419156,-371.4043576938734,0.8499016950503044,-730.1521578284892,0.9340199411675536,1
1313620170,-386.3775026333042,1.043254282365115,-939.4279693720516,1.5122746128993478,0
1315791861,-346.2518083377044,0.8409828204403037,-764.7326077073913,0.9345381216302792,1
1318438045,-456.3859134593418,1.05153167836712,-911.9870611719296,1.505836781852509,0
1338777429,-334.70191742384674,0.8492211514411092,-797.7630216541125,0.9306526991860548,1
1340895569,-362.3569339840972,0.8455753917540699,-860.8124914548669,0.9246962165509596,1
1347888499,-323.45164520537446,1.0311543775828351,-868.9755951208344,1.5144855846978196,0
1362719118,-408.7226607439161,1.041483139967072,-973.8720439018812,1.511086790901227,0
1370642288,-324.77850151771594,1.0389935434474236,-908.4212943098564,1.509709990883903,0
1388423740,-339.710838256174,1.0277903159912414,-814.0722775379827,1.5171598507884811,0
1390687693,-352.24526040109754,1.0272383529838485,-830.9373523224494,1.5196589095768005,0
1392362496,-371.1223716488634,0.8557087105726406,-949.235325721016,0.930305975157672,1
1394990039,-363.836503991403,0.8406549560118839,-845.8163130461712,0.930259708974255,1
1396564311,-356.4268003790642,1.0295990300288822,-897.9135318098312,1.5131921395126646,0
1406894216,-337.4110913604102,0.8524169197252136,-766.5834435212911,0.9329564907469312,1
1413437034,-358.69768431488774,1.0363413680906697,-917.5399576064608,1.5051650862899049,0
1420180584,-349.6597805525271,0.8535235994857803,-877.0142416970289,0.9300613630393166,1
1429910325,-352.2767938618625,1.0185840613057904,-850.2665332916534,1.5143626455397146,0
1429936612,-355.7441249366363,1.03620576915234,-796.7040552146415,1.5156974336217215,0
1431415873,-344.9695242798391,0.8521509643411402,-929.325062298704,0.9295341720140856,1
1437547087,-336.1234121917421,0.8392483148156166,-791.8839700277333,0.9293579421604098,1
1438554421,-381.71350611205736,1.02745404758291,-864.5236716080765,1.5180920235070043,0
1438611471,-387.1971521802926,1.02963223343252,-880.1185147368799,1.506398226944443,0
1439196998,-343.6095216282017,0.8612503546467736,-753.4358558975155,0.930595539130292,1
1468955155,-340.94976889337227,1.0355274502324752,-807.9279030798174,1.5180834906590357,0
1482309188,-337.0054060312792,0.8630433572313984,-1001.8972137246705,0.9321371871920509,1
1495061258,-349.87117444251464,0.851607874361537,-844.7745681923312,0.9304695546649736,1
1502650989,-382.54644501859485,0.8484409293169966,-882.0299817546893,0.9338587899469292,1
1504537906,-333.22679488301526,1.0302657179324877,-893.0226884679143,1.5162806661434294,0
1508325713,-389.9268494551759,1.0241972005213995,-818.5629733724422,1.5177495693697534,0
1510814158,-336.1776663168039,0.8401044410228452,-796.502065092396,0.9292970610298732,1
1528112893,-371.0040822723063,0.8342634256268632,-878.2499623670419,0.9270553957716,1
1537427309,-345.7620415077365,0.8475903650785171,-900.9436633336956,0.92584499377052,1
1539890953,-338.92146650446625,0.845668921791438,-879.8364068426232,0.9309064853317092,1
1540575349,-358.90258281400884,0.8408541253682293,-784.0524309194632,0.9328476889507143,1
1542505990,-375.8331389319562,0.8538499848618892,-817.2190388841907,0.9299850898846233,1
1544052178,-356.94772283521854,1.0424601047213014,-953.4251034939844,1.5022819283738278,0
1548764506,-381.7141397575306,1.032786247560565,-1173.513388524328,1.5078503624404798,0
1554937367,-347.66389483795314,0.8540247430215732,-885.0553178311701,0.9319332479887732,1
1569213600,-392.01481831941766,1.0407944618824856,-724.1597121108603,1.5181360177368204,0
1569258985,-373.0718286726584,0.8601860370370386,-815.371980976525,0.9321426298895984,1
1574318756,-358.8006324140206,1.0437324089446114,-872.6915547028799,1.5168652146682644,0
1579203925,-333.4953715466563,0.8516421028077391,-870.3330203706523,0.9330621565811744,1
1583438553,-351.2471917992982,0.8363014450979868,-837.3666501209252,0.9327583928899036,1
1583591551,-358.78849615287845,1.0276774288424686,-891.1126224675413,1.5050560001157522,0
1583874489,-403.9468718859146,0.8360838156534568,-912.5683333373936,0.9334009003080622,1
1585014334,-326.1074160355523,0.8533167304936093,-832.3032367069362,0.9315985971923624,1
1592156923,-357.3277254446353,1.041620986840008,-868.8500904272597,1.5148884812529144,0
1594641765,-354.10397961101376,0.8551471654848652,-766.1659407548085,0.9326845277383046,1
1598287691,-365.23597817435416,0.8477413922741902,-848.9284019396054,0.9317615601277828,1
1599653349,-362.25212051165965,1.032162804577603,-892.0012985918567,1.5151207747665725,0
1604027523,-342.05666777312143,1.0358074751192696,-863.6900932097245,1.515958163358064,0
1604366860,-358.5663010113898,1.0292135232902635,-827.773110604769,1.5097110400849332,0
1608928178,-347.48808262066973,1.0466622846358842,-912.6161380826665,1.4977495592257957,0
1609759068,-371.0474402192875,1.0507181155433245,-790.0599110649314,1.5051072088355346,0
1615603560,-352.76899662006883,0.8480363392117563,-880.0273431340946,0.93293241573015,1
1629044074,-328.0051507210225,0.836749372096094,-786.1543172293308,0.9245688467049252,1
1636090864,-339.06650752473195,1.0267205526353826,-926.468583080743,1.5118650639688396,0
1645275092,-383.8256131447658,1.0328207247112515,-852.048166450013,1.5173668399739162,0
1649111978,-334.7654090917645,1.0379249971977882,-844.622779073491,1.5129429225116675,0
1653686448,-348.2104017478947,1.0349124259745934,-1014.304187822388,1.5089797948066914,0
1655967875,-330.6695832780988,0.8386188911076575,-856.7704888878818,0.9311865050026166,1
1656095778,-367.20059590312457,0.8520159213145343,-819.1300071708263,0.923068805149536,1
1656580533,-352.2454943865942,1.0202261715425986,-1108.2592960086747,1.513205757848891,0
1661748415,-363.5146878679988,0.8560570664867511,-864.7005609561853,0.9320403713277072,1
1662041072,-346.3693508982456,0.844259040442183,-866.4827984848762,0.9317344699401215,1
1669788725,-393.8193718778015,1.047905265329367,-926.337743405161,1.5131407318804495,0
1671135782,-340.02610397036017,0.8486866673875166,-857.1231335963533,0.934867776497428,1
1676288765,-326.2931469239961,1.048487268744082,-806.6971195341238,1.5142184308571316,0
1693505406,-372.8596189196056,0.8484756482883732,-800.9520395205574,0.9326815146395826,1
1697530312,-352.3136392199525,1.0314554571021135,-772.1838876160886,1.5123152740335175,0
1705473070,-328.86316514402733,1.0470592518724269,-859.7655907666494,1.5090030123197515,0
1711683835,-362.5911810943512,0.8391351700749957,-792.6427915269625,0.9328902122468792,1
1718377842,-408.00840483563815,0.8446293267595851,-875.3095333596176,0.9297427836801394,1
1720388855,-329.5272725985206,0.855025018611852,-786.6333957147107,0.9330724114835808,1
1723375224,-344.68466782231786,0.8363012791055139,-771.3858689896696,0.932284538761528,1
1725624016,-352.5187161855766,1.021018127092943,-805.2421944416877,1.503677382103406,0
1732981508,-355.0543384123352,1.0332441353207602,-789.2673059127285,1.525444520524389,0
1754973667,-366.0176379580601,0.8359592196090978,-869.7916256045719,0.931598615212956,1
1762835180,-357.052580368677,1.0348001098257793,-862.2263771739547,1.5155423558068033,0
1767944001,-333.9691774598373,0.8546290397409627,-875.8642647954424,0.9325823807724164,1
1770216760,-364.4628582968217,1.0418844696259333,-932.8898915802064,1.5094304900255218,0
1771027672,-350.9962318861856,0.8417354237035771,-875.5189272665939,0.9297413040429364,1
1785765384,-372.3908178287191,1.023143215855207,-761.4484124840624,1.5234578191978294,0
1788675439,-334.5847861919157,1.045922879750369,-793.4619671322844,1.508736499089868,0
1798931901,-336.9643319723052,1.0333057586227954,-844.7563444566769,1.516365298479916,0
1802809018,-373.5386626415347,0.8471290232531303,-900.2661127839431,0.9275698383306366,1
1803632865,-330.44604456260697,1.0377380610550486,-859.7607471780199,1.5142640226990558,0
1806321292,-358.9829529120765,0.8418997309765588,-852.9611073273951,0.9278739737958496,1
1806781124,-342.4714769107304,1.02760222004486,-786.6840901127122,1.5179266732006351,0
1817510468,-357.3773253053259,1.0361613114543973,-896.2162279654145,1.5091323514006258,0
1819058753,-341.6679038272765,1.038355469960227,-919.0478112388812,1.5084741986686447,0
1839665471,-360.9599466296448,1.036940779201676,-850.3502434159027,1.5074739215148192,0
1841403352,-360.202346963057,0.842345832592542,-847.3572981726209,0.9346398540870092,1
1842626173,-328.0503771021631,0.8490869912959963,-919.0608206649936,0.9323908767656583,1
1851017591,-360.8775842356743,0.8428121564144926,-850.2466160023366,0.9324385006919652,1
1852150662,-381.0532559712231,0.8489433012261541,-783.410177132179,0.9309765618284074,1
1854569585,-342.9009738239389,0.8440392444264964,-834.7687657413111,0.9336186642584886,1
1859679770,-356.5362328419217,1.043626620767517,-856.5518452672865,1.516701282999261,0
1859732941,-332.81390747837,1.0332457238068586,-939.3799069842192,1.5063097784904986,0
1864259668,-370.475010139656,0.8571331113404556,-826.7860998250186,0.9333751898291174,1
1867440938,-352.332267787872,0.8525808607778378,-912.3833806877768,0.93344552930625,1
1872623256,-345.6015515054788,0.8357722677766519,-797.6968288480765,0.931015455715295,1
1877571378,-409.2387557133845,1.035133090611711,-891.4816885981916,1.513602241669041,0
1885277587,-322.619479719559,1.0327093286597058,-962.45019203561,1.5069008988267352,0
1885744867,-353.79564778846594,1.0442044723816362,-851.9709894054795,1.5171520045598248,0
1887580996,-338.99321626252583,1.0362202599307686,-747.7945625360643,1.5152223678022652,0
1891663121,-375.1782265964517,1.0214868828364747,-872.6274331579299,1.5068806173049818,0
1901457679,-391.587864025715,0.8543190504449175,-974.7152994368796,0.928679328836188,1
1907037428,-337.8036128047776,0.8513379960278895,-805.8931130260256,0.931525605581,1
1907771348,-359.053088492986,1.0277335242078458,-812.6700878654239,1.510318724234342,0
1909239671,-332.2875931140225,1.0207895142565488,-787.4222227835768,1.516032497121098,0
1910935418,-349.4872476662303,1.0230679617758769,-1029.8232074605226,1.495684648992944,0
1924898052,-339.7479399417334,0.8547127463389391,-807.5065090885895,0.9316155315540916,1
1934262433,-368.2409145063398,1.0194771829313274,-799.1312769862458,1.5177393242121309,0
1944230894,-352.17041837415184,0.8430645313592281,-761.0795111719251,0.9348471704376652,1
1946982092,-358.0893525689428,0.8595361878569436,-787.8624391361298,0.9328792968202136,1
1947998963,-380.3386096085563,0.8470512768519748,-820.2797613986959,0.934942924605843,1
1949187031,-370.8610904144272,0.8471492558347092,-817.6732394627231,0.9316655730305023,1
1949835946,-369.295080458951,0.8502834900216841,-792.7410321606063,0.9341819524670472,1
1954167669,-364.3285889757245,1.0421866803390385,-815.8084646363097,1.5131961225648287,0
1954665634,-334.00541612444664,1.0276231826372373,-820.405687113923,1.515505543181272,0
1963502034,-356.4400937585926,1.0485927743200083,-803.0670613722136,1.5116360764376546,0
1965638805,-352.3916687827105,0.8525587658477995,-906.1509012128596,0.930010710838464,1
1971619027,-382.1756502816569,1.0402628666765006,-1001.8608084787458,1.513796515753667,0
1980994560,-336.5428912577759,1.0276608742583768,-912.0468275648624,1.5092245033372778,0
1981364273,-356.5336348029882,1.027557383069545,-904.5864703998624,1.51537997302379,0
1989641334,-422.340023728124,0.8353511885380502,-843.8388670642519,0.9329655833451644,1
1990548959,-363.1163332855084,1.0445288151010907,-786.7893614791138,1.513911627091867,0
1993590741,-369.9404027325128,0.8349749639383549,-792.6177651432394,0.9332891515680268,1
1994184718,-394.229934043734,0.848376177666716,-829.9000380574796,0.9291519020133696,1
2009927905,-407.4445345987736,0.8520208660557257,-824.53736307222,0.9361108633148384,1
2015045591,-366.8410627083396,0.8421494011023082,-839.2122220369025,0.9324643890783356,1
2016150489,-341.61148664545306,0.8631086210181705,-800.3268235838062,0.9335403717451268,1
2020870068,-380.1097906059598,1.031840092926143,-812.4621604862388,1.518645351136718,0
2025689074,-356.3111094007525,1.0431659636940511,-870.6955685909383,1.5076385758325557,0
2026728872,-372.479442028473,0.8526485806268892,-856.982087263781,0.9326948081965016,1
2027199735,-347.43467297825333,1.0351570713196732,-844.2284807170142,1.5160910558480691,0
2034314944,-359.68797117399083,1.0490939085224649,-780.341339391136,1.5158910153294625,0
2035492415,-351.3022579392384,1.0409210458696885,-985.1869380292596,1.5172932026694603,0
2039381353,-343.13714556890244,1.0227513337216296,-927.917034906716,1.5123625285781197,0
2040852024,-329.7283076848701,1.034469840499529,-812.0248704349044,1.5195734245685053,0
2042816882,-387.9679719322143,1.0236500256027334,-967.3116107727828,1.5050606458439642,0
2047136560,-375.6857055425061,0.8375592351599392,-888.482792988266,0.926557512333812,1
2059081577,-340.63605325847976,1.0528115611289084,-907.2906424569398,1.511995434691482,0
2061358467,-372.41768139226144,1.02775301858498,-887.8737915482425,1.5167879738217858,0
2062797353,-363.53099004349184,1.029941849031654,-870.748979062306,1.5135275200350284,0
2066433619,-349.8833374403815,0.8487659323225313,-816.5458227569746,0.932856828340346,1
2074140845,-341.7782707146854,0.8670882097824267,-797.3373824410019,0.9352514837438588,1
2074815590,-340.6854172680043,1.0280016674852694,-892.4149936439194,1.5157025914689493,0
2078072980,-343.1169359045485,1.024947164609336,-911.8254500879292,1.5017416843233369,0
2081786992,-359.9738284883768,1.028625442753676,-834.6388847485562,1.5037870729250653,0
2086295868,-346.242506003418,0.8449803557072295,-862.2743662311634,0.9336394774632446,1
2128229789,-386.4496373648381,1.0263199903616642,-914.239643828386,1.5160494146715475,0
2132729888,-340.56389250496085,0.846084692739483,-784.0329646496535,0.9301861757952,1
2137970284,-343.13230411537,1.039828531572801,-950.1707705117587,1.50884418132166,0
2161819831,-346.79119597269244,0.8533965490085043,-829.7476509706514,0.9343083777653904,1
2178609948,-318.9867061152691,1.0277949945055205,-899.7024245086807,1.5163080190014626,0
2189033555,-353.2478915709195,0.8448795587764837,-755.068536811287,0.930726947720849,1
2193939147,-362.5662588423891,1.0274816377316964,-852.6490500670919,1.5164258786740912,0
2194084083,-348.0107362491447,0.8554832341964849,-978.5395209896494,0.927442225670008,1
2196974738,-348.74492816257464,0.8429392544443673,-809.7267036515343,0.9264604284368224,1
2197931868,-343.2808960662025,1.042642570668667,-782.406705584401,1.5076407070133058,0
2206519853,-351.39659024978624,1.032263738716802,-889.6203357311957,1.5117242502437456,0
2217132592,-324.6801819602642,1.0346377654103245,-895.5844236338827,1.5124397646829026,0
2224327373,-332.9498498994585,0.8573444863956255,-1046.839751328761,0.9274287138540552,1
2227472043,-370.1909575196354,1.02561368029684,-999.3928551144726,1.5156730755343892,0
2233970670,-326.0424522910298,1.034801529018374,-786.5766596224371,1.5203940496069122,0
2237015181,-338.0587946256365,1.0340106266489029,-1076.7370978881554,1.5016924392516504,0
2237942433,-350.60850800254565,1.0442311375463318,-909.6956084503436,1.5197693922380682,0
2247624106,-352.5429635621715,0.8475841872769173,-992.6353611094572,0.9271477597310188,1
2248456905,-382.2386198230767,1.042451145063642,-893.6452559014839,1.5117768991658562,0
2250572533,-364.136213912976,1.0452837372557968,-800.4397365849653,1.5019599478680947,0
2253206868,-372.9062119295135,1.017930258757097,-905.907321436552,1.5080133861291116,0
2254353101,-331.43341686580794,0.8391142020962915,-795.7199329148086,0.932012964280136,1
2276622978,-338.5195644346004,1.037518202306648,-887.8486864824439,1.5093110244926766,0
2287863054,-369.6923482103022,1.0352794400049792,-890.0619926200588,1.5143100943767462,0
2291997915,-344.5058381715948,0.8511665399128556,-786.4754671078749,0.9345978580325272,1
2295018082,-327.821425588614,1.0400630072152424,-881.133911889824,1.5081075395493109,0
2303635924,-378.7182944335451,0.8438846288617083,-847.7619986383229,0.9330294121640792,1
2314241972,-367.0022760386631,0.8423376857688747,-858.4192620105487,0.9331300210702744,1
2320457425,-385.1119814807229,0.8476637482289534,-749.1316115233171,0.928791855375824,1
2325932273,-328.01344751851565,0.8502794744384549,-867.8278443782641,0.930421266301257,1
2333658941,-376.1680756469987,1.0246348769011333,-892.7652007688273,1.5103530551756073,0
2346223738,-368.9214849653944,0.8553019225591888,-803.381942396228,0.931456804010852,1
2364740784,-361.930713331762,0.8421188569958796,-811.1818698586999,0.930785667869388,1
2372647732,-347.176431587897,1.022981134160708,-851.4718492355624,1.512058577580893,0
2384398114,-350.21115130794794,0.8405454972446981,-825.3315431313364,0.9348714804901797,1
2385019512,-324.04759409416465,0.8576668374047717,-896.8302211376913,0.9340779987609416,1
2386941703,-362.50638656147504,1.0314626957585398,-918.396009076936,1.508419843204323,0
2445749116,-362.74876434449305,1.0571963267646007,-911.8375966123052,1.5123083148435177,0
2450147796,-329.6352358153322,1.0301573904030277,-974.6505250833184,1.504656450432882,0
2452762851,-337.166735030904,0.8572107207004943,-811.6151436713571,0.933024541393064,1
2455073775,-325.0063453109869,0.8492609105125392,-840.8088887144091,0.9281824482746148,1
2465063333,-341.394670069179,1.0292951995558766,-855.2395152846815,1.5123462719780214,0
2465743719,-378.06508405328896,1.040543169400323,-836.4050087225247,1.5116195049615009,0
2466007563,-345.5971886801481,1.0238855661665058,-780.7682648407338,1.5113956476761865,0
2470022534,-366.5387868929676,1.0218273495372443,-918.1148999532334,1.516209916923669,0
2486025247,-367.4186550356776,0.8378323556248944,-867.2147220164028,0.9253235863813356,1
2503200730,-353.2196213455805,1.033289545789177,-914.3952221770523,1.503965471185388,0
2506277319,-337.8044589682776,1.0379502345844338,-963.3476430924088,1.5145732567176744,0
2506720535,-392.2324519127069,1.0217085101927197,-793.058581741835,1.5145794464835536,0
2515050523,-353.9547780521462,1.0334096707644622,-795.7939674719931,1.5165409235182286,0
2530918707,-354.41582800699626,0.8484016175960741,-947.4119438887352,0.9292830690320392,1
2536093666,-349.5211400393182,0.8498851265938506,-853.7763094234869,0.935910303018484,1
2545226729,-350.64784153678187,0.8515186190137568,-849.3560197309948,0.9288125440025132,1
2550833762,-360.74058653320657,0.8403456566634628,-826.9048498462481,0.9350400240846216,1
2556934812,-337.2059188676224,0.8475684429367732,-782.3597096188486,0.9266337898358332,1
2558442317,-315.8498164425853,1.023781388522781,-859.7835613922664,1.5130602940670732,0
2560123809,-328.8540107164247,1.0386970470966637,-761.0118429832011,1.5080106108908786,0
2560873375,-392.15075618264274,0.8376676379055881,-933.2926733252906,0.927813224131532,1
2561838459,-369.927241204165,0.8345624989578331,-849.356180191058,0.9339105878221398,1
2561946317,-368.2624794772747,0.8376339705745302,-816.4670590711806,0.9274342262569064,1
2570413614,-349.96565467038744,1.041046651732409,-912.895896023284,1.512301678750948,0
2571663188,-415.686589838201,0.8532396697521493,-896.8548315038686,0.9256726447886524,1
2573514144,-400.259368174238,1.0336688850072813,-885.7294205546598,1.5162916943699611,0
2575579664,-365.9763489183932,1.026444151510509,-1016.2292808612326,1.5114487741610645,0
2590423296,-344.85631003099326,1.0398644736223794,-882.6521299688906,1.5160666929831856,0
2597490105,-364.2758233081188,0.8401871292385069,-950.8466355683544,0.930234179660435,1
2601096321,-340.252830511258,1.02085237755714,-894.6932511860826,1.5100430202234698,0
2609107638,-349.73364485858946,0.849172920451068,-760.396488556289,0.9288234996328838,1
2630811963,-335.9094962894956,0.8553914023434213,-842.4029610194889,0.931883564934841,1
2633183716,-336.3997258278156,0.8524191168378971,-801.439591558566,0.9336034920220488,1
2636709977,-341.5091337623349,0.8613461703788411,-781.3910977663653,0.9399170594874476,1
2641456641,-341.42383059715775,0.847849384867975,-834.9390793152121,0.9347190446363812,1
2644487066,-340.18869656222057,0.8475826576776595,-825.4985249725319,0.9315626474499128,1
2660295140,-356.8267761202804,1.031252901290961,-851.2158889859946,1.5136019321336631,0
2660562218,-456.39583167542526,0.83457566598741,-771.0444585482504,0.9332448563356054,1
2670442737,-363.5689647499873,0.8463832838499453,-758.7982858182095,0.9335415050423412,1
2675006243,-355.8437469433662,0.8470051235635467,-873.9010473193895,0.9286776443696854,1
2684704287,-354.7408763083513,0.8465862250651337,-764.7804757598448,0.9368581169198084,1
2692159256,-346.2192786189599,1.0243386987277148,-893.3722575875771,1.5185581987757937,0
2702825697,-371.9893061442366,0.8461607722350103,-760.9015693680252,0.9302736351877358,1
2708602782,-406.21582965273626,0.8498688717687768,-822.1950492480614,0.9354298103710008,1
2713826507,-391.9452093617497,1.0332533565795798,-824.1943613568401,1.5202750719979885,0
2720835155,-350.69495752355647,1.0226868177064106,-845.1831265055664,1.5175727486237278,0
2731744229,-354.47730816253403,0.8442381296367345,-886.8050708272826,0.9282830625239896,1
2734053664,-348.6095946707564,0.8447102071161007,-821.3559071604544,0.929161682325861,1
2737173563,-337.26094202655645,0.8401362184918505,-752.061379261446,0.9312223155365909,1
2751412614,-329.941506963027,0.8400581748429304,-759.6674432886745,0.9318275440251776,1
2758428682,-334.5055470652899,1.0399490613535944,-914.688522572968,1.5112206793899945,0
2758726928,-346.17659096944504,1.0207346934248849,-883.1204415944517,1.512577727213785,0
2758941622,-355.1498138995256,1.031411900669122,-766.6919211269974,1.511504856358406,0
2762956949,-337.06806712405506,1.02469541062836,-860.3924796742142,1.5137913841108996,0
2764364262,-357.9330888981831,0.8441239040645779,-777.6369718445568,0.9342379676956394,1
2780013210,-346.2616959287947,1.0314735657506464,-744.6682682599537,1.516828267556048,0
2790829338,-390.8814785722513,0.8427491364480507,-1006.6474451450184,0.9292279992405916,1
2791509259,-354.60136371469457,1.040767440979994,-893.5848221433916,1.5138992253465595,0
2811219064,-363.1127787385763,0.8470945423915237,-772.3602599721999,0.932274323377806,1
2816803663,-371.62818314717504,0.8584132430365037,-834.2617798991688,0.929843515396408,1
2817108197,-359.07604933058616,1.0433195006675562,-926.5588327190064,1.5087947441363985,0
2821963592,-358.72241064529135,0.8573621621502127,-899.9391473074276,0.9316284085432563,1
2838808228,-333.98768440974453,0.8382277003162302,-980.9696463631126,0.9311061332105168,1
2845050954,-350.23621409398334,1.0306951543740688,-795.3967034531514,1.516558405203447,0
2849517986,-398.9209345697107,1.0306680969656414,-751.3243428861362,1.5168580956585125,0
2853876513,-332.19240963786,1.0397328157287238,-885.2922709577915,1.5165160598951282,0
2858591687,-457.7758774128767,1.030173074104598,-888.959799839015,1.5072946251820716,0
2862728730,-349.8606175551461,1.02046025026069,-839.5622011874923,1.5156287418650505,0
2863140027,-354.66428663824485,0.842496089967166,-879.9031291149179,0.9320336206620612,1
2869539781,-385.1626134151399,0.8468206330249025,-701.3882377678347,0.930142250115428,1
2870915117,-341.7341759300689,1.026893636130704,-896.827896190477,1.5139710726637452,0
2877156894,-345.99436988106004,1.0383494187030484,-843.1124243763396,1.5109409214839546,0
2877883556,-356.2242276505279,1.0330085694453983,-822.3925345612987,1.5145142998940249,0
2883014146,-331.2434998493542,0.8541984263029596,-852.5643302642912,0.9352186201098364,1
2885306803,-348.81285812605546,0.8528539329479816,-823.6827715402899,0.9284728394257996,1
2887450026,-355.0374757837552,0.8372243159247635,-765.5916614887211,0.930324481463522,1
2890766898,-334.0429887072746,1.0420287130809085,-870.9428366216316,1.5071666637153038,0
2891311453,-333.4625952650824,1.0242806516137892,-968.0450844774776,1.500965672471792,0
2894861895,-351.8436458198214,1.0486876502855558,-875.1895330444321,1.5169656010670056,0
2894958665,-396.0627345559287,0.8429253624577028,-930.7322717211806,0.9291029227007018,1
2895446126,-349.41537941460274,0.8380158739104143,-849.966838071456,0.9284379310512758,1
2898410358,-352.4325251248668,0.8465683325673334,-861.1390567534656,0.9292777246949022,1
2899498670,-340.6088012656112,1.0414450501245158,-755.9362158277111,1.522997751898983,0
2899982705,-389.1596675832578,0.8445546261196568,-754.4564722778873,0.933999679652658,1
2906452125,-381.116989868727,1.0267404039987362,-771.9195821530751,1.5183319581432833,0
2910555879,-391.6070024448671,0.8462124136645744,-735.3727641743233,0.9356186983542762,1
2911173444,-356.5663511326815,1.0347821316001922,-792.4211545793187,1.5162561354357678,0
2913196659,-345.6180432640294,0.83704208457645,-909.026561982574,0.9289075119758328,1
2914588022,-366.5731615214953,0.8474122991756176,-835.8766442440592,0.9317475352824408,1
2927554342,-343.93207572382966,0.8449327227082962,-874.5907712636636,0.9281098662545916,1
2930443698,-369.7281474926782,1.027455874314657,-999.9698974096276,1.504073250168939,0
2939180626,-359.7873087424756,1.0238923713475336,-777.5713715389473,1.5142599741389886,0
2941815911,-351.9951603339168,0.8434379182622284,-827.4546203210549,0.9271067266567116,1
2954316800,-356.4927315332514,1.0399029952710055,-811.2332856179507,1.5073472433754729,0
2958627654,-368.8917806815986,0.8448842439919464,-903.5727013969214,0.9325390303582612,1
2962442845,-347.87819803673966,1.037932909532431,-848.1408789818393,1.5154419296146076,0
2968910705,-371.4090239854094,0.8474194953095407,-796.9938417199319,0.9302418124324304,1
2982016260,-332.2753944690236,0.8521583046679986,-839.7784577356271,0.9285905488253914,1
2982060809,-349.35201611444955,0.8430540917764774,-792.3132026259929,0.933051285931553,1
2986259922,-353.7773089286196,0.8372930174215198,-891.750553182579,0.929740853770699,1
2993461427,-339.122540042898,0.8393672864459211,-777.7681596860931,0.9311623639859332,1
2994980578,-384.6682173228955,1.0240349297321265,-808.7614119667779,1.5108969745681264,0
2995259050,-357.9699439386076,0.8603201217876794,-767.5239069011651,0.932046786923118,1
2999629755,-389.8099977984099,0.8431206197630995,-814.4230249118867,0.927093090730324,1
3000955010,-358.78759010078954,1.0268800950598391,-820.9486972813291,1.5132670814630445,0
3023519715,-338.3913941570535,1.0296726583487517,-886.2968028521747,1.50768059210177,0
3023703329,-333.3137955704788,1.0247152005999745,-817.2614324780363,1.515846080204767,0
3032660829,-367.6124567123789,1.0264959229029418,-840.9253138458071,1.5084540698200934,0
3034529013,-340.18022670242067,0.8469857540754618,-931.5655365882012,0.9276556568103248,1
3035295868,-315.9087153073217,1.0256938413523844,-794.645619143048,1.5100426299682252,0
3039307861,-376.2951248090333,0.8390677569335323,-780.3110590694064,0.926947143329468,1
3041422882,-374.669660198244,1.033248508001063,-788.6665789477271,1.514781571262098,0
3046407287,-344.3495887055497,1.0497944182292356,-837.5449565611972,1.516145299846145,0
3056887059,-364.3727963219764,0.8413911336610282,-791.8399415571765,0.9294950986897734,1
3058413680,-356.40732259703964,0.8379000838823992,-728.0937439603721,0.9312917091204528,1
3059098383,-361.1627528733823,1.0374781806710311,-806.3841873046188,1.519865823293783,0
3074485005,-335.1553209588385,1.0302450709646176,-897.8266483327723,1.5116970066936812,0
3082264358,-359.6874298973889,1.0242732365188472,-829.9015920900523,1.502704991631757,0
3082702832,-331.48642789319905,1.042466182993366,-907.4058579421114,1.5206346097566803,0
3094871953,-352.78555692238007,1.0346252819660058,-991.1672484217064,1.5032119360216536,0
3101987149,-348.347874549221,1.0419883642503234,-857.020512634091,1.5234298011190348,0
3103511751,-327.13745346764034,0.8687792322739963,-1091.4298855710863,0.9260720548498812,1
3109601437,-364.0434385840453,1.0201845852618725,-1015.645814646706,1.5031739868401144,0
3117487606,-347.4127103759479,1.0198928549303692,-796.4105228793505,1.513516157704414,0
3124355137,-327.7056267846508,0.8506938262898318,-882.0833677675635,0.9264592528152952,1
3135808055,-385.6821980793035,1.0440082964866395,-960.3045579691726,1.5117456604880513,0
3137638902,-370.60899222144985,0.8541097823097962,-955.316823508133,0.9228238919111534,1
3143365022,-356.9055091405117,0.8405296805318867,-825.4407989869715,0.9275393934878204,1
3163168710,-345.3589161377859,1.0304174944986275,-894.3987563876225,1.5063058147731674,0
3175562842,-329.18019705226425,1.0406238899250018,-890.7196874101522,1.5119756116867704,0
3182552250,-341.908543520541,0.8555191167669457,-849.1264453660308,0.9341587101609474,1
3187674344,-365.0446054387671,1.0429908197495288,-887.8161728114495,1.5172951254056748,0
3193829447,-383.899947959278,0.843206480451294,-888.0148133352911,0.9298736589833932,1
3207402559,-342.7843019100333,1.0316464073692746,-1032.375993387279,1.4982490093692724,0
3210028778,-342.496344721454,1.0210286809889362,-902.151282425962,1.5057138274637358,0
3213637048,-350.2600307913333,1.0372675080965947,-813.4198011157409,1.5180642165391682,0
3214557574,-346.585820030202,1.0225310038268978,-836.6487473846439,1.5086135056733443,0
3215997593,-328.7807242693204,1.0245986105290812,-899.252678210089,1.5069591612990898,0
3227501674,-356.9463467574428,1.0340822618072891,-826.5287588650394,1.51695659163372,0
3235958758,-346.26755107811465,0.8523054666569863,-812.223528718138,0.9313804079034382,1
3247461698,-381.6433479565776,0.8536890786882524,-874.2714820807929,0.9296989261919733,1
3247773632,-353.43498007412563,1.0338471885595142,-883.2956155290661,1.5173577459621033,0
3257778880,-342.9656157701145,0.8552573090857798,-771.3354763148362,0.9320945253789408,1
3267648621,-330.9160290437217,1.0401886936073386,-744.533938691285,1.5171199873117358,0
3269061542,-410.8210504183995,0.8502993687494684,-836.4862557690228,0.9351127919458708,1
3270929768,-364.3221508221052,1.0360383761261398,-788.5677719890405,1.5108295132306409,0
3271952720,-340.5598049039821,0.8381290353926615,-955.6417447229798,0.9242158421724468,1
3274607066,-367.0795121263613,1.0453053345031982,-778.0533968364554,1.5047298372104003,0
3277793728,-349.36633698396105,1.0345779779513815,-847.3506831096048,1.510399371556698,0
3283934223,-348.26083817518645,1.0212370743318118,-1072.7091860554117,1.5014957542117335,0
3284427611,-347.79242906550854,0.846077750086577,-768.5153924470119,0.9312386724703396,1
3290009033,-363.6145539028119,1.0241423907333194,-856.1028201825227,1.5121514480183147,0
3308013333,-364.39261094564125,1.0283512283753549,-792.0483791748961,1.521881780286093,0
3308226296,-355.8748341333029,0.8557015482395295,-799.7484219681148,0.9282902250763192,1
3311807250,-339.95785366176733,0.8537542148548943,-772.8112719599293,0.933236036742824,1
3329685364,-364.17113367894393,0.8532824146437706,-849.0972669367113,0.9347785032658088,1
3338393823,-368.6243555394917,1.016678748787573,-766.5331844825935,1.5160100281359383,0
3339424565,-371.1928892192466,0.8491232406759911,-886.6642687575105,0.9305967393511247,1
3340984301,-374.70705159011,0.8395798172843046,-768.8223863763767,0.931623429356731,1
3342950340,-388.5453114026808,1.0349782878145906,-1010.0896262541528,1.5000340303049886,0
3385600500,-337.69273998720007,1.041582845988103,-871.9019276306395,1.5146938980391296,0
3391288154,-329.03603404607924,1.0273891818490837,-895.0352814308955,1.5135925146058873,0
3399621278,-350.1401465856097,0.838577275604971,-833.5642802466822,0.9286217750291166,1
3405376171,-382.29898691524,1.026828281952013,-772.5842656306257,1.5224421711040492,0
3421574015,-341.8882804096242,1.0428547603481584,-902.9882716882285,1.5136083611945876,0
3432603686,-335.934847397173,1.0498129070459832,-845.2510903419712,1.5137522515175197,0
3441268113,-325.97290806271644,1.029945065221472,-825.3542683886294,1.5192588802942664,0
3452964090,-369.93711062419663,0.8379080482675927,-837.716775511377,0.9293370163613336,1
3454679764,-337.9830478880353,0.8455005658135121,-829.7026157548247,0.9327064095015531,1
3459443535,-342.9798510996131,0.8413827879384195,-752.9277777863335,0.934166059692216,1
3464855505,-326.4288929212564,0.8404489944478349,-827.4597634846687,0.929870068315001,1
3472047977,-333.23273379299656,0.8373932702831809,-983.664522307886,0.927975267155934,1
3475796311,-375.4983636610388,0.8501763275654076,-805.128288603612,0.9281532058630572,1
3478404079,-333.136135808849,0.8536400966913451,-952.9701504471068,0.9305024236843068,1
3482461315,-365.8706439531164,0.8536505205511542,-951.1405131856884,0.9323495340189798,1
3483698151,-349.5492292742686,0.8335350564273489,-1007.9330571594786,0.9280938230525289,1
3501979807,-347.8360782074493,1.0234939671571792,-910.8326380339628,1.5149602571166525,0
3503831607,-336.8881777560832,0.851889693621551,-799.8063372854141,0.928191935520356,1
3531723440,-348.02700704516474,0.8379711133177653,-819.1544803459722,0.9273236197641388,1
3533872876,-346.84124982153503,1.0318679192204427,-868.7750131411456,1.5190678330280558,0
3538208212,-355.38118201152486,1.0384095455021094,-834.4998564431252,1.522806741432002,0
3539478092,-322.58366147202247,1.0200655661998383,-883.4088027947228,1.5163535692609311,0
3545994138,-327.9552943448278,1.0477402608317494,-852.0793423536231,1.5074736582460186,0
3549820907,-357.76218853186737,1.0423289072318618,-819.2433882793867,1.5200748861399065,0
3575998926,-361.6004387105836,0.842121629617256,-765.429804962725,0.927594337342138,1
3584299946,-364.2075012647561,0.8525606523679897,-747.5983660699652,0.930231299720862,1
3597960801,-372.7926357677002,0.8407944416078436,-940.9938940707468,0.933581359999632,1
3603727260,-331.51500178951454,1.0243121233313977,-929.3736113304412,1.510717521506435,0
3625059830,-344.9108526547876,0.8440236915200207,-809.819157861595,0.92755339442536,1
3625877959,-362.7495290019364,0.840937587445751,-776.7067312080972,0.9355618193151584,1
3633474854,-377.38665967073,1.0293505245672443,-759.3911861566402,1.5207761975762102,0
3636815200,-346.17433529173195,0.8489356259953024,-788.0133977109507,0.9341736711074616,1
3642128364,-373.2050247330855,1.023914196300256,-866.6729594846734,1.518034535100552,0
3648438690,-376.4488378354307,1.0379792978688356,-871.4725230077212,1.51460311569365,0
3671097679,-344.84962025086986,0.8357739995696183,-819.5616242260986,0.9299011554800758,1
3673677284,-358.51756343657985,1.0332496904169766,-802.4591361068686,1.5157227724710245,0
3678150269,-364.8656285369356,1.0423276022819343,-905.2720597575602,1.5111569646175085,0
3685062779,-365.0910909970928,0.8468689763934216,-749.8989920351192,0.9308531641132962,1
3689192911,-365.4316961778108,0.8487239934817562,-815.3956690958194,0.929878788299118,1
3689245843,-331.4748018791929,1.0279771232160393,-765.536374472451,1.5186434113181182,0
3690278318,-332.7546638756581,1.0308693222576388,-942.4587563277177,1.5108194947521012,0
3691267724,-380.63613737389977,0.8458757083988098,-872.435171171843,0.9315446252589564,1
3693798020,-352.41732249391896,1.0429460042075274,-798.5095476078852,1.5174152120525457,0
3699474491,-339.090093741478,0.8500094967278214,-866.3379929497071,0.9249530145506416,1
3704372959,-472.7114729494125,1.0154386602835568,-886.9440069597288,1.5069213316731405,0
3705719250,-350.9836517146667,1.0534072925159266,-898.778209475877,1.5033480560255652,0
3710453865,-351.49348322617067,1.0384638391850676,-946.62838257237,1.506837311982098,0
3713067054,-352.0654645326202,1.0470963127558437,-766.379967445176,1.5238223985125203,0
3718288752,-356.81972408259463,0.8576733991969532,-904.9282595394948,0.9321248025261116,1
3724419524,-351.6331679851152,1.0365798913029045,-863.9819489484304,1.5145936229451975,0
3734125987,-375.99965152483327,1.018775130798183,-777.6270415263169,1.5210543444839133,0
3737988195,-367.1879202452891,0.8529427176289742,-745.1788528569298,0.933184067317043,1
3747847047,-344.0300937633614,1.02474849849278,-928.5091672324128,1.5103836108002815,0
3750875292,-389.72326012950367,1.0439718585841042,-925.167584843074,1.5172128656531252,0
3756521544,-440.540915005452,1.0259320752745642,-808.397177655997,1.520909181346174,0
3760333362,-397.2535075673933,1.0444923328358895,-861.1403607755364,1.5154701122547607,0
3763353910,-324.14855037941714,0.8462701282001716,-746.6179873170202,0.9287523916054752,1
3771476325,-324.52273571815977,1.0374277461034165,-799.1609718931053,1.5192059109839935,0
3779392391,-359.1093227528695,1.0401984389213286,-939.1107422120756,1.5094874435166423,0
3795252140,-353.8515532093587,1.0375516460715013,-871.5645959605637,1.515455485569434,0
3796601559,-349.947061986854,1.0263379869620188,-774.7288929844426,1.5166240330747416,0
3796624928,-347.25660281720087,0.8565731278640012,-744.1687454199854,0.930678504931,1
3804631547,-355.5580651881917,0.8530260245948839,-1030.7669698071186,0.9312165080195788,1
3838183950,-353.64195869201217,0.853287835540657,-822.9833777747091,0.9303943050946726,1
3838792377,-370.5917130148984,0.8464434478197068,-763.0173102800213,0.93315828444862,1
3842343027,-363.5694421162063,1.0271144618307346,-820.1831881724173,1.521929654510085,0
3861091963,-376.2001377198352,0.8474640268051763,-847.028375762714,0.934578493114458,1
3866291478,-335.1540256685201,1.038869039851272,-851.0867075791491,1.5053260555061785,0
3874271955,-323.777905582458,0.8409212272691379,-871.4714240686129,0.9347578712309598,1
3875101730,-333.83253537532323,0.8482588547236519,-867.6081063939047,0.9301237567706384,1
3875726419,-332.5579819317509,1.0414674644250848,-867.3726732566756,1.5172856023393322,0
3885613633,-335.0452259492248,1.0355558667410925,-801.5557433221232,1.5184796799451727,0
3888934497,-382.6106556032235,1.0232907831580498,-933.7362613698408,1.5106946143783238,0
3892132996,-341.71071087609,0.8505779408302659,-939.51507611899,0.9308449912796682,1
3904845904,-322.51520744642323,1.0435742674477624,-887.7111136818962,1.510387423637091,0
3912318842,-343.91647296865625,1.0587636229549888,-863.4444749090129,1.5096191094865394,0
3913138351,-360.7617301983325,1.0462238484282185,-820.2561695490086,1.515867135966272,0
3913207660,-334.795786264695,1.0242048769899128,-789.9296244842948,1.5126293712332155,0
3932146472,-349.8932901460659,1.0190131003083085,-819.1072239980691,1.52575724438604,0
3936719360,-363.75755312121,0.8419326583801533,-730.1365293497602,0.9292057749760624,1
3937238283,-385.2414100523327,1.033407863812906,-782.9147817398671,1.5159778519940206,0
3943521076,-401.8399231886533,1.0447233837546237,-791.0421553407463,1.519943801553307,0
3952673580,-395.19060958169206,1.031889758854824,-843.6799023257481,1.5120026357137866,0
3953028309,-323.2482652116375,1.0227551448620544,-982.053661450897,1.5106334165161477,0
3957394378,-371.9249410740842,1.0348663119213637,-932.390166271737,1.5164726092256715,0
3959779372,-381.9393359272872,0.846466652372261,-871.5870913514285,0.9324300240273192,1
3960808611,-346.2242744449625,0.8551501752710252,-845.1078487711919,0.9313751927508414,1
3961748982,-363.16113791480615,1.0411910510747184,-871.1580523390325,1.507467020262352,0
3962521565,-371.1061961476347,1.0400830225072593,-904.5256667477709,1.5080776744868054,0
3963820198,-344.8863488312767,1.028934819809875,-853.2095943179593,1.503443538601852,0
3983854782,-353.0517380219361,0.8501551007921065,-878.0114800411088,0.929541766992831,1
3983871342,-360.0084573377631,1.0404728029252517,-900.6189280978754,1.5144969345278396,0
4011881058,-323.7990375104455,0.8442080331891249,-809.154173054046,0.9303111374734436,1
4012276852,-392.3480759157353,1.0377611540710985,-746.2991071969275,1.5199421262225976,0
4013505860,-351.2102525096488,0.8518318420070954,-896.766840662886,0.9327892440700746,1
4017291223,-389.7104604658743,1.0398263646455703,-841.6287422841586,1.5121365930490758,0
4017761584,-363.6158093034886,0.8468343648961225,-862.3006533920407,0.933329819456192,1
4046148192,-345.1240456769991,0.8449323801023243,-799.1240857208479,0.93182009474285,1
4046238097,-356.6039222596935,1.0259761711980449,-823.4945042577978,1.507821609812065,0
4055463712,-358.64495786094955,1.0342785124912564,-828.5601825313051,1.5113743159543702,0
4080013326,-386.711854404912,0.8543482029109358,-817.3148905317918,0.9309538481620472,1
4093882471,-360.29218942835496,1.0283226786623287,-917.9229726769252,1.5066230017236837,0
4094260407,-380.3070355455453,0.837679621108239,-846.3374054599708,0.9295347736850754,1
4096233594,-352.80936660274625,0.8408045679053474,-773.4695959707193,0.93374373709611,1
4133293270,-336.8247837965566,1.0375172894869684,-811.2586843547567,1.5150107538397812,0
4138071307,-374.28716704644427,0.8375233539534522,-844.9610224277362,0.9323060464520374,1
4141729806,-342.38943095373617,0.8447186514300554,-859.6552156221632,0.9283504301803044,1
4150857627,-355.8566018176372,0.8333364631046566,-869.6953637829387,0.9246184197436884,1
4154084890,-346.4869853719576,1.0454383171121122,-914.6176163668406,1.51253977155914,0
4156643187,-384.3445117322701,1.0329172146874095,-800.0114491222317,1.5158306866617577,0
4165611714,-348.1466894430649,0.8410782169172721,-705.1272477380068,0.9337320826522868,1
4167675411,-361.9884297910356,0.8365521472976859,-697.1338623721299,0.9275105755152444,1
4175492103,-364.5416154349002,1.0224618528695053,-874.0853735270615,1.5113835541925535,0
4176562407,-345.691195883302,0.8609633236395305,-845.0549071354787,0.9309183280743486,1
4180636816,-343.3959206148159,1.0373131995546854,-884.9398345667078,1.5153557773017308,0
4185365244,-357.5734934430614,1.0390748006604411,-914.6939398193936,1.5007288732742043,0
4196709764,-356.41712577191225,1.0281122543193042,-847.0236676699545,1.5036729406064082,0
4197469272,-340.9111759808098,0.8573961205171016,-857.0715282049047,0.926973260566877,1
4199801857,-332.3998760081366,0.8538371274326806,-734.2142433140258,0.9297366860888482,1
4205863992,-350.7307447791435,1.0370625526344357,-853.2672274877258,1.5130570078656356,0
4228013544,-362.7190378945336,0.846739639675526,-804.9176903741331,0.9236043006749136,1
4246618328,-358.0290272843484,1.03523302794265,-878.2209809586213,1.5133700596050934,0
4247255382,-384.14359902488354,0.8363367805581646,-837.406536401571,0.9301989744767232,1
4247918843,-353.1186208964932,1.038890967173066,-784.3377446104873,1.5203232939577171,0
4249337798,-343.2494280513704,0.8567125251387299,-881.9075245689291,0.931114568388554,1
4257395405,-321.83405977720264,1.0436308651913606,-824.4579877646329,1.5231482203021585,0
4266129805,-359.58300278272355,1.0271492538639633,-883.2199184559213,1.5179227946579767,0
4273166473,-340.15684102557776,1.037532739615807,-856.4512837340544,1.5191537506674948,0
4286133832,-335.88777949243536,0.8376246756381597,-860.8038424759098,0.9320747130806344,1
